{"schemaVersion":"1.0","appDefinitionTemplate":{"id":"/providers/Microsoft.PowerApps/apps/","type":"Microsoft.PowerApps/apps","tags":{"minimumRequiredApiVersion":"2.2.0"},"properties":{"appVersion":"2020-01-08T17:52:14Z","lifeCycleId":"Published","createdByClientVersion":{"major":3,"minor":19115,"build":0,"revision":0,"majorRevision":0,"minorRevision":0},"minClientVersion":{"major":3,"minor":19115,"build":0,"revision":0,"majorRevision":0,"minorRevision":0},"backgroundColor":"rgba(0, 176, 240, 1)","backgroundImageUri":"/2524350889054148473/Nabec4d1b-88ab-4ad4-860c-3087dcd87a3f-logoSmallFile","displayName":"Impresion de etiquetas","description":"","commitMessage":"","appUris":{"documentUri":{"value":"/2524350889054148473/N5a252005-a503-4386-9c0d-5af4f4017697-document.msapp","readonlyValue":"/2524350889054148473/N5a252005-a503-4386-9c0d-5af4f4017697-document.msapp"},"imageUris":[]},"createdTime":"0001-01-01T00:00:00Z","lastModifiedTime":"0001-01-01T00:00:00Z","sharedGroupsCount":0,"sharedUsersCount":0,"icons":{"smallIconUri":"/2524350889054148473/N37efdc7e-840f-460d-8598-12cd9985a31f-small.png","mediumIconUri":"/2524350889054148473/N57414d3f-8184-4c13-88f1-e7995dc2ea15-medium.png","largeIconUri":"/2524350889054148473/N10100590-a312-45bb-b4b4-344a9813114a-large.png","wideIconUri":"/2524350889054148473/Na7db3b0f-1610-44ea-96f8-c1f9247da29a-wide.png"},"connectionReferences":{"871fce04-6bcb-4938-ba36-9fc03d8ea1ca":{"id":"f66bf5ee-85f1-4fd7-8567-4454970e2831","displayName":"Azure Queues","iconUri":"https://connectoricons-prod.azureedge.net/azurequeues/icon_1.0.1288.1786.png","dataSources":["AzureQueues"],"dependencies":[],"dependents":[],"parameterHints":{},"isOnPremiseConnection":false,"sharedConnectionId":"2212f1f8-216b-467c-a38d-61ab85e479ac","dataSets":{},"apiTier":"Premium","isCustomApiConnection":false}},"databaseReferences":{},"almMode":"Environment","performanceOptimizationEnabled":false,"canConsumeAppPass":true},"isAppComponentLibrary":false,"appComponents":[]}}